space,user
ADMINISTRATION,AEROSHIN
ADMINISTRATION,APODVIGINA
ADMINISTRATION,ISTANKEVICH
ADMINISTRATION,ITRIFONOV
ADMINISTRATION,KSEMYONOV
ADMINISTRATION,MBEEKINK
ADMINISTRATION,NDUBOVIK
ADMINISTRATION,PBELSKI
ADMINISTRATION,RSLOFSTRA
ADMINISTRATION,SRASSADZIN
ADMINISTRATION,SSHYDLOUSKI
ADMINISTRATION,TDABRAVOLSKAYA
ADMINISTRATION,TPITSKO
ADMINISTRATION,TPITSKO_TEST
ADMINISTRATION,TVORSA
ADMINISTRATION,VCOHEN
ADMINISTRATION,VLITVINCHUK
ADMINISTRATION,VRASPUTIN
ADMINISTRATION,VSALASHENKA
ADMINISTRATION,YMINICH
JUSTBI_PLAYGROUND,APODVIGINA
JUSTBI_PLAYGROUND,ISELOVENKO
JUSTBI_PLAYGROUND,ITRIFONOV
JUSTBI_PLAYGROUND,MBEEKINK
JUSTBI_PLAYGROUND,NDUBOVIK
JUSTBI_PLAYGROUND,RSLOFSTRA
JUSTBI_PLAYGROUND,SRASSADZIN
JUSTBI_PLAYGROUND,TPITSKO_TEST
JUSTBI_PLAYGROUND,TVORSA
JUSTBI_PLAYGROUND,VCOHEN
JUSTBI_PLAYGROUND,VLITVINCHUK
JUSTBI_PLAYGROUND,VRASPUTIN
PERMISSIONS,APODVIGINA
PERMISSIONS,ISTANKEVICH
PERMISSIONS,ITRIFONOV
PERMISSIONS,KSEMYONOV
PERMISSIONS,MBEEKINK
PERMISSIONS,NDUBOVIK
PERMISSIONS,PBELSKI
PERMISSIONS,RSLOFSTRA
PERMISSIONS,SRASSADZIN
PERMISSIONS,SSHYDLOUSKI
PERMISSIONS,TDABRAVOLSKAYA
PERMISSIONS,TPITSKO
PERMISSIONS,TPITSKO_TEST
PERMISSIONS,TVORSA
PERMISSIONS,VCOHEN
PERMISSIONS,VLITVINCHUK
PERMISSIONS,VRASPUTIN
PERMISSIONS,VSALASHENKA
PERMISSIONS,YMINICH
POC,ABONDAR
POC,AEROSHIN
POC,AKUZNIATSOU
POC,AMISIUK
POC,APOBEGAILO
POC,APODVIGINA
POC,ATROEGLAZOVA
POC,ESTRIZHOV
POC,EZABIYAKIN
POC,ISELOVENKO
POC,ISTANKEVICH
POC,ITRIFONOV
POC,KGEKISS
POC,KKHARANEKA
POC,KSEMYONOV
POC,MBEEKINK
POC,MMATALYTSKI
POC,NDUBOVIK
POC,OKLYSHKO
POC,PBELSKI
POC,RSLOFSTRA
POC,SRASSADZIN
POC,SSHYDLOUSKI
POC,SSHYRCHANKA
POC,TDABRAVOLSKAYA
POC,TPITSKO
POC,TPITSKO_TEST
POC,TVORSA
POC,VCOHEN
POC,VDZIAUHO
POC,VLITVINCHUK
POC,VRASPUTIN
POC,VSALASHENKA
POC,YMINICH
POC_PLANNING_CALC,APODVIGINA
POC_PLANNING_CALC,ITRIFONOV
POC_PLANNING_CALC,NDUBOVIK
POC_PLANNING_CALC,SRASSADZIN
POC_PLANNING_CALC,SSHYRCHANKA
POC_PLANNING_CALC,TPITSKO_TEST
POC_PLANNING_CALC,TVORSA
POC_PLANNING_CALC,VLITVINCHUK
POC_PLANNING_CALC,VRASPUTIN
POC_PLANNING_CALC,VSANIKOVICH
POC_TRANS4RMPMO,APODVIGINA
POC_TRANS4RMPMO,ATROEGLAZOVA
POC_TRANS4RMPMO,ITRIFONOV
POC_TRANS4RMPMO,KGEKISS
POC_TRANS4RMPMO,NDUBOVIK
POC_TRANS4RMPMO,SRASSADZIN
POC_TRANS4RMPMO,TPITSKO_TEST
POC_TRANS4RMPMO,TVORSA
POC_TRANS4RMPMO,VLITVINCHUK
POC_TRANS4RMPMO,VRASPUTIN
PO_POC,ABONDAR
PO_POC,AEROSHIN
PO_POC,AMISIUK
PO_POC,APODVIGINA
PO_POC,ARUSAK
PO_POC,ITRIFONOV
PO_POC,KKHARANEKA
PO_POC,KSEMYONOV
PO_POC,MBEEKINK
PO_POC,NDUBOVIK
PO_POC,PBELSKI
PO_POC,RSLOFSTRA
PO_POC,SRASSADZIN
PO_POC,SSHYDLOUSKI
PO_POC,TDABRAVOLSKAYA
PO_POC,TPITSKO_TEST
PO_POC,TVORSA
PO_POC,VCOHEN
PO_POC,VDZIAUHO
PO_POC,VLITVINCHUK
PO_POC,VRASPUTIN
PO_POC,VSALASHENKA
SAC_PLANNING,APODVIGINA
SAC_PLANNING,ESTRIZHOV
SAC_PLANNING,ITRIFONOV
SAC_PLANNING,MMATALYTSKI
SAC_PLANNING,NDUBOVIK
SAC_PLANNING,SRASSADZIN
SAC_PLANNING,SSHYRCHANKA
SAC_PLANNING,TPITSKO_TEST
SAC_PLANNING,TVORSA
SAC_PLANNING,VLITVINCHUK
SAC_PLANNING,VRASPUTIN
SAP_CONTENT,ABONDAR
SAP_CONTENT,AEROSHIN
SAP_CONTENT,AKUZNIATSOU
SAP_CONTENT,AMISIUK
SAP_CONTENT,APOBEGAILO
SAP_CONTENT,APODVIGINA
SAP_CONTENT,ARUSAK
SAP_CONTENT,ATROEGLAZOVA
SAP_CONTENT,ESTRIZHOV
SAP_CONTENT,EZABIYAKIN
SAP_CONTENT,ISELOVENKO
SAP_CONTENT,ISTANKEVICH
SAP_CONTENT,ITRIFONOV
SAP_CONTENT,KGEKISS
SAP_CONTENT,KKHARANEKA
SAP_CONTENT,KSEMYONOV
SAP_CONTENT,MBEEKINK
SAP_CONTENT,MMATALYTSKI
SAP_CONTENT,NDUBOVIK
SAP_CONTENT,OKLYSHKO
SAP_CONTENT,PBELSKI
SAP_CONTENT,RSLOFSTRA
SAP_CONTENT,SRASSADZIN
SAP_CONTENT,SSHYDLOUSKI
SAP_CONTENT,SSHYRCHANKA
SAP_CONTENT,TDABRAVOLSKAYA
SAP_CONTENT,TPITSKO
SAP_CONTENT,TPITSKO_TEST
SAP_CONTENT,TVORSA
SAP_CONTENT,VCOHEN
SAP_CONTENT,VDZIAUHO
SAP_CONTENT,VLITVINCHUK
SAP_CONTENT,VRASPUTIN
SAP_CONTENT,VSALASHENKA
SAP_CONTENT,YMINICH
STADA_EXAMPLE,APODVIGINA
STADA_EXAMPLE,ISELOVENKO
STADA_EXAMPLE,ITRIFONOV
STADA_EXAMPLE,NDUBOVIK
STADA_EXAMPLE,SRASSADZIN
STADA_EXAMPLE,TPITSKO_TEST
STADA_EXAMPLE,TVORSA
STADA_EXAMPLE,VLITVINCHUK
STADA_EXAMPLE,VRASPUTIN
