user,role
ABONDAR,PROFILE:sap.dwc:Data_Warehouse_Cloud_Integrator
ABONDAR,PROFILE:sap.dwc:Data_Warehouse_Cloud_Modeler
ABONDAR,PROFILE:sap.dwc:Data_Warehouse_Cloud_Viewer
ABONDAR,PROFILE:sap.dwc:Scoped_Data_Warehouse_Cloud_Viewer
ABONDAR,PROFILE:sap.dwc:Scoped_Data_Warehouse_Cloud_Integrator
ABONDAR,PROFILE:sap.dwc:Scoped_Data_Warehouse_Cloud_Modeler
AEROSHIN,PROFILE:sap.epm:System_Owner
AEROSHIN,PROFILE:sap.dwc:Scoped_Data_Warehouse_Cloud_Space_Administrator
AKUZNIATSOU,PROFILE:sap.odc:Data_Catalog_Administrator
AKUZNIATSOU,PROFILE:sap.odc:Data_Catalog_User
AKUZNIATSOU,PROFILE:sap.dwc:Data_Warehouse_Cloud_Administrator
AKUZNIATSOU,PROFILE:sap.dwc:Data_Warehouse_Cloud_Consumer
AKUZNIATSOU,PROFILE:sap.dwc:Data_Warehouse_Cloud_Integrator
AKUZNIATSOU,PROFILE:sap.dwc:Data_Warehouse_Cloud_Modeler
AKUZNIATSOU,PROFILE:sap.dwc:Data_Warehouse_Cloud_Space_Administrator
AKUZNIATSOU,PROFILE:sap.dwc:Data_Warehouse_Cloud_Viewer
AKUZNIATSOU,PROFILE:sap.dwc:Scoped_Data_Warehouse_Cloud_Consumer
AKUZNIATSOU,PROFILE:sap.dwc:Scoped_Data_Warehouse_Cloud_Viewer
AKUZNIATSOU,PROFILE:sap.dwc:Scoped_Data_Warehouse_Cloud_Integrator
AKUZNIATSOU,PROFILE:sap.dwc:Scoped_Data_Warehouse_Cloud_Modeler
AKUZNIATSOU,PROFILE:sap.dwc:Scoped_Data_Warehouse_Cloud_Space_Administrator
AMISIUK,PROFILE:sap.dwc:Data_Warehouse_Cloud_Administrator
AMISIUK,PROFILE:sap.dwc:Data_Warehouse_Cloud_Integrator
AMISIUK,PROFILE:sap.dwc:Data_Warehouse_Cloud_Modeler
AMISIUK,PROFILE:sap.dwc:Data_Warehouse_Cloud_Space_Administrator
AMISIUK,PROFILE:sap.dwc:Data_Warehouse_Cloud_Viewer
AMISIUK,PROFILE:sap.dwc:Scoped_Data_Warehouse_Cloud_Viewer
AMISIUK,PROFILE:sap.dwc:Scoped_Data_Warehouse_Cloud_Integrator
AMISIUK,PROFILE:sap.dwc:Scoped_Data_Warehouse_Cloud_Modeler
AMISIUK,PROFILE:sap.dwc:Scoped_Data_Warehouse_Cloud_Space_Administrator
APOBEGAILO,PROFILE:sap.dwc:Data_Warehouse_Cloud_Viewer
APOBEGAILO,PROFILE:sap.dwc:Data_Warehouse_Cloud_Administrator
APOBEGAILO,PROFILE:sap.dwc:Data_Warehouse_Cloud_Integrator
APOBEGAILO,PROFILE:sap.dwc:Data_Warehouse_Cloud_Space_Administrator
APOBEGAILO,PROFILE:sap.epm:Security_Administrator
APOBEGAILO,PROFILE:sap.odc:Data_Catalog_User
APOBEGAILO,PROFILE:sap.dwc:Scoped_Data_Warehouse_Cloud_Viewer
APOBEGAILO,PROFILE:sap.dwc:Scoped_Data_Warehouse_Cloud_Integrator
APOBEGAILO,PROFILE:sap.dwc:Scoped_Data_Warehouse_Cloud_Space_Administrator
APODVIGINA,PROFILE:sap.odc:Data_Catalog_User
APODVIGINA,PROFILE:sap.odc:Data_Catalog_Administrator
APODVIGINA,PROFILE:sap.dwc:Data_Warehouse_Cloud_Consumer
APODVIGINA,PROFILE:sap.dwc:Data_Warehouse_Cloud_Integrator
APODVIGINA,PROFILE:sap.dwc:Data_Warehouse_Cloud_Modeler
APODVIGINA,PROFILE:sap.dwc:Data_Warehouse_Cloud_Viewer
APODVIGINA,PROFILE:sap.dwc:Data_Warehouse_Cloud_Space_Administrator
APODVIGINA,PROFILE:sap.dwc:Scoped_Data_Warehouse_Cloud_Consumer
APODVIGINA,PROFILE:sap.dwc:Scoped_Data_Warehouse_Cloud_Viewer
APODVIGINA,PROFILE:sap.dwc:Scoped_Data_Warehouse_Cloud_Integrator
APODVIGINA,PROFILE:sap.dwc:Scoped_Data_Warehouse_Cloud_Modeler
APODVIGINA,PROFILE:sap.dwc:Scoped_Data_Warehouse_Cloud_Space_Administrator
APODVIGINA,PROFILE:sap.dwc:Data_Warehouse_Cloud_Administrator
APODVIGINA,PROFILE:sap.epm:Security_Administrator
APODVIGINA,PROFILE:t.11:ZDS_CONSUMER
APODVIGINA,PROFILE:t.11:ZDS_CONSUMER_SAP_Scope
APODVIGINA,PROFILE:t.11:ZDS_DEVELOPER
APODVIGINA,PROFILE:t.11:ZDS_USERMANAGER
APODVIGINA,PROFILE:t.11:ZDS_DEVELOPER_SAP_Scope
APODVIGINA,PROFILE:t.11:ZDS_USERMANAGER_SAP_Scope
ARUSAK,PROFILE:sap.dwc:Data_Warehouse_Cloud_Integrator
ARUSAK,PROFILE:sap.dwc:Data_Warehouse_Cloud_Modeler
ARUSAK,PROFILE:sap.dwc:Data_Warehouse_Cloud_Viewer
ARUSAK,PROFILE:sap.dwc:Scoped_Data_Warehouse_Cloud_Viewer
ARUSAK,PROFILE:sap.dwc:Scoped_Data_Warehouse_Cloud_Integrator
ARUSAK,PROFILE:sap.dwc:Scoped_Data_Warehouse_Cloud_Modeler
ATROEGLAZOVA,PROFILE:sap.odc:Data_Catalog_Administrator
ATROEGLAZOVA,PROFILE:sap.odc:Data_Catalog_User
ATROEGLAZOVA,PROFILE:sap.dwc:Data_Warehouse_Cloud_Administrator
ATROEGLAZOVA,PROFILE:sap.dwc:Data_Warehouse_Cloud_Consumer
ATROEGLAZOVA,PROFILE:sap.dwc:Data_Warehouse_Cloud_Integrator
ATROEGLAZOVA,PROFILE:sap.dwc:Data_Warehouse_Cloud_Modeler
ATROEGLAZOVA,PROFILE:sap.dwc:Data_Warehouse_Cloud_Space_Administrator
ATROEGLAZOVA,PROFILE:sap.dwc:Data_Warehouse_Cloud_Viewer
ATROEGLAZOVA,PROFILE:sap.epm:Security_Administrator
ATROEGLAZOVA,PROFILE:sap.dwc:Scoped_Data_Warehouse_Cloud_Consumer
ATROEGLAZOVA,PROFILE:sap.dwc:Scoped_Data_Warehouse_Cloud_Viewer
ATROEGLAZOVA,PROFILE:sap.dwc:Scoped_Data_Warehouse_Cloud_Integrator
ATROEGLAZOVA,PROFILE:sap.dwc:Scoped_Data_Warehouse_Cloud_Modeler
ATROEGLAZOVA,PROFILE:sap.dwc:Scoped_Data_Warehouse_Cloud_Space_Administrator
ESTRIZHOV,PROFILE:sap.odc:Data_Catalog_User
ESTRIZHOV,PROFILE:sap.dwc:Data_Warehouse_Cloud_Consumer
ESTRIZHOV,PROFILE:sap.dwc:Data_Warehouse_Cloud_Integrator
ESTRIZHOV,PROFILE:sap.dwc:Data_Warehouse_Cloud_Modeler
ESTRIZHOV,PROFILE:sap.dwc:Data_Warehouse_Cloud_Viewer
ESTRIZHOV,PROFILE:sap.dwc:Data_Warehouse_Cloud_Space_Administrator
ESTRIZHOV,PROFILE:sap.dwc:Scoped_Data_Warehouse_Cloud_Consumer
ESTRIZHOV,PROFILE:sap.dwc:Scoped_Data_Warehouse_Cloud_Viewer
ESTRIZHOV,PROFILE:sap.dwc:Scoped_Data_Warehouse_Cloud_Integrator
ESTRIZHOV,PROFILE:sap.dwc:Scoped_Data_Warehouse_Cloud_Modeler
ESTRIZHOV,PROFILE:sap.dwc:Scoped_Data_Warehouse_Cloud_Space_Administrator
EZABIYAKIN,PROFILE:sap.dwc:Data_Warehouse_Cloud_Integrator
EZABIYAKIN,PROFILE:sap.dwc:Data_Warehouse_Cloud_Modeler
EZABIYAKIN,PROFILE:sap.dwc:Data_Warehouse_Cloud_Viewer
EZABIYAKIN,PROFILE:sap.dwc:Scoped_Data_Warehouse_Cloud_Viewer
EZABIYAKIN,PROFILE:sap.dwc:Scoped_Data_Warehouse_Cloud_Integrator
EZABIYAKIN,PROFILE:sap.dwc:Scoped_Data_Warehouse_Cloud_Modeler
ISELOVENKO,PROFILE:sap.odc:Data_Catalog_Administrator
ISELOVENKO,PROFILE:sap.odc:Data_Catalog_User
ISELOVENKO,PROFILE:sap.dwc:Data_Warehouse_Cloud_Administrator
ISELOVENKO,PROFILE:sap.dwc:Data_Warehouse_Cloud_Space_Administrator
ISELOVENKO,PROFILE:sap.dwc:Scoped_Data_Warehouse_Cloud_Space_Administrator
ISTANKEVICH,PROFILE:sap.odc:Data_Catalog_User
ISTANKEVICH,PROFILE:sap.dwc:Data_Warehouse_Cloud_Consumer
ISTANKEVICH,PROFILE:sap.dwc:Data_Warehouse_Cloud_Integrator
ISTANKEVICH,PROFILE:sap.dwc:Data_Warehouse_Cloud_Modeler
ISTANKEVICH,PROFILE:sap.dwc:Data_Warehouse_Cloud_Space_Administrator
ISTANKEVICH,PROFILE:sap.dwc:Data_Warehouse_Cloud_Viewer
ISTANKEVICH,PROFILE:sap.dwc:Scoped_Data_Warehouse_Cloud_Consumer
ISTANKEVICH,PROFILE:sap.dwc:Scoped_Data_Warehouse_Cloud_Viewer
ISTANKEVICH,PROFILE:sap.dwc:Scoped_Data_Warehouse_Cloud_Integrator
ISTANKEVICH,PROFILE:sap.dwc:Scoped_Data_Warehouse_Cloud_Modeler
ISTANKEVICH,PROFILE:sap.dwc:Scoped_Data_Warehouse_Cloud_Space_Administrator
ITRIFONOV,PROFILE:sap.odc:Data_Catalog_Administrator
ITRIFONOV,PROFILE:sap.odc:Data_Catalog_User
ITRIFONOV,PROFILE:sap.dwc:Data_Warehouse_Cloud_Administrator
ITRIFONOV,PROFILE:sap.dwc:Data_Warehouse_Cloud_Consumer
ITRIFONOV,PROFILE:sap.dwc:Data_Warehouse_Cloud_Integrator
ITRIFONOV,PROFILE:sap.dwc:Data_Warehouse_Cloud_Modeler
ITRIFONOV,PROFILE:sap.dwc:Scoped_Data_Warehouse_Cloud_Consumer
ITRIFONOV,PROFILE:sap.dwc:Scoped_Data_Warehouse_Cloud_Integrator
ITRIFONOV,PROFILE:sap.dwc:Scoped_Data_Warehouse_Cloud_Modeler
ITRIFONOV,PROFILE:sap.dwc:Scoped_Data_Warehouse_Cloud_Space_Administrator
ITRIFONOV,PROFILE:sap.dwc:Scoped_Data_Warehouse_Cloud_Viewer
ITRIFONOV,PROFILE:t.11:ZDS_USERMANAGER_SAP_Scope
ITRIFONOV,PROFILE:t.11:ZDS_USERMANAGER
ITRIFONOV,PROFILE:t.11:ZDS_DEVELOPER_SAP_Scope
ITRIFONOV,PROFILE:t.11:ZDS_DEVELOPER
ITRIFONOV,PROFILE:t.11:ZDS_CONSUMER_SAP_Scope
ITRIFONOV,PROFILE:t.11:ZDS_CONSUMER
ITRIFONOV,PROFILE:sap.epm:Security_Administrator
KGEKISS,PROFILE:sap.odc:Data_Catalog_Administrator
KGEKISS,PROFILE:sap.odc:Data_Catalog_User
KGEKISS,PROFILE:sap.dwc:Data_Warehouse_Cloud_Administrator
KGEKISS,PROFILE:sap.dwc:Data_Warehouse_Cloud_Consumer
KGEKISS,PROFILE:sap.dwc:Data_Warehouse_Cloud_Integrator
KGEKISS,PROFILE:sap.dwc:Data_Warehouse_Cloud_Modeler
KGEKISS,PROFILE:sap.dwc:Data_Warehouse_Cloud_Space_Administrator
KGEKISS,PROFILE:sap.dwc:Data_Warehouse_Cloud_Viewer
KGEKISS,PROFILE:sap.epm:Security_Administrator
KGEKISS,PROFILE:sap.dwc:Scoped_Data_Warehouse_Cloud_Consumer
KGEKISS,PROFILE:sap.dwc:Scoped_Data_Warehouse_Cloud_Viewer
KGEKISS,PROFILE:sap.dwc:Scoped_Data_Warehouse_Cloud_Integrator
KGEKISS,PROFILE:sap.dwc:Scoped_Data_Warehouse_Cloud_Modeler
KGEKISS,PROFILE:sap.dwc:Scoped_Data_Warehouse_Cloud_Space_Administrator
KKHARANEKA,PROFILE:sap.dwc:Data_Warehouse_Cloud_Modeler
KKHARANEKA,PROFILE:sap.dwc:Data_Warehouse_Cloud_Viewer
KKHARANEKA,PROFILE:sap.dwc:Data_Warehouse_Cloud_Integrator
KKHARANEKA,PROFILE:sap.dwc:Scoped_Data_Warehouse_Cloud_Viewer
KKHARANEKA,PROFILE:sap.dwc:Scoped_Data_Warehouse_Cloud_Integrator
KKHARANEKA,PROFILE:sap.dwc:Scoped_Data_Warehouse_Cloud_Modeler
KSEMYONOV,PROFILE:sap.odc:Data_Catalog_Administrator
KSEMYONOV,PROFILE:sap.odc:Data_Catalog_User
KSEMYONOV,PROFILE:sap.dwc:Data_Warehouse_Cloud_Consumer
KSEMYONOV,PROFILE:sap.dwc:Data_Warehouse_Cloud_Integrator
KSEMYONOV,PROFILE:sap.dwc:Data_Warehouse_Cloud_Modeler
KSEMYONOV,PROFILE:sap.dwc:Data_Warehouse_Cloud_Viewer
KSEMYONOV,PROFILE:sap.dwc:Data_Warehouse_Cloud_Space_Administrator
KSEMYONOV,PROFILE:sap.dwc:Scoped_Data_Warehouse_Cloud_Consumer
KSEMYONOV,PROFILE:sap.dwc:Scoped_Data_Warehouse_Cloud_Viewer
KSEMYONOV,PROFILE:sap.dwc:Scoped_Data_Warehouse_Cloud_Integrator
KSEMYONOV,PROFILE:sap.dwc:Scoped_Data_Warehouse_Cloud_Modeler
KSEMYONOV,PROFILE:sap.dwc:Scoped_Data_Warehouse_Cloud_Space_Administrator
MBEEKINK,PROFILE:sap.dwc:Data_Warehouse_Cloud_Consumer
MBEEKINK,PROFILE:sap.dwc:Data_Warehouse_Cloud_Integrator
MBEEKINK,PROFILE:sap.dwc:Data_Warehouse_Cloud_Modeler
MBEEKINK,PROFILE:sap.dwc:Data_Warehouse_Cloud_Viewer
MBEEKINK,PROFILE:sap.dwc:Data_Warehouse_Cloud_Space_Administrator
MBEEKINK,PROFILE:sap.dwc:Scoped_Data_Warehouse_Cloud_Consumer
MBEEKINK,PROFILE:sap.dwc:Scoped_Data_Warehouse_Cloud_Viewer
MBEEKINK,PROFILE:sap.dwc:Scoped_Data_Warehouse_Cloud_Integrator
MBEEKINK,PROFILE:sap.dwc:Scoped_Data_Warehouse_Cloud_Modeler
MBEEKINK,PROFILE:sap.dwc:Scoped_Data_Warehouse_Cloud_Space_Administrator
MMATALYTSKI,PROFILE:sap.odc:Data_Catalog_User
MMATALYTSKI,PROFILE:sap.dwc:Data_Warehouse_Cloud_Consumer
MMATALYTSKI,PROFILE:sap.dwc:Data_Warehouse_Cloud_Integrator
MMATALYTSKI,PROFILE:sap.dwc:Data_Warehouse_Cloud_Modeler
MMATALYTSKI,PROFILE:sap.dwc:Data_Warehouse_Cloud_Viewer
MMATALYTSKI,PROFILE:sap.dwc:Scoped_Data_Warehouse_Cloud_Consumer
MMATALYTSKI,PROFILE:sap.dwc:Scoped_Data_Warehouse_Cloud_Viewer
MMATALYTSKI,PROFILE:sap.dwc:Scoped_Data_Warehouse_Cloud_Integrator
MMATALYTSKI,PROFILE:sap.dwc:Scoped_Data_Warehouse_Cloud_Modeler
NDUBOVIK,PROFILE:sap.odc:Data_Catalog_Administrator
NDUBOVIK,PROFILE:sap.odc:Data_Catalog_User
NDUBOVIK,PROFILE:sap.dwc:Data_Warehouse_Cloud_Administrator
NDUBOVIK,PROFILE:sap.dwc:Data_Warehouse_Cloud_Consumer
NDUBOVIK,PROFILE:sap.dwc:Data_Warehouse_Cloud_Integrator
NDUBOVIK,PROFILE:sap.dwc:Data_Warehouse_Cloud_Modeler
NDUBOVIK,PROFILE:sap.dwc:Scoped_Data_Warehouse_Cloud_Consumer
NDUBOVIK,PROFILE:sap.dwc:Scoped_Data_Warehouse_Cloud_Integrator
NDUBOVIK,PROFILE:sap.dwc:Scoped_Data_Warehouse_Cloud_Modeler
NDUBOVIK,PROFILE:sap.dwc:Scoped_Data_Warehouse_Cloud_Space_Administrator
NDUBOVIK,PROFILE:sap.dwc:Scoped_Data_Warehouse_Cloud_Viewer
NDUBOVIK,PROFILE:sap.dwc:Data_Warehouse_Cloud_Space_Administrator
NDUBOVIK,PROFILE:sap.dwc:Data_Warehouse_Cloud_Viewer
NDUBOVIK,PROFILE:sap.epm:Security_Administrator
NDUBOVIK,PROFILE:t.11:ZDS_ADMIN_Scope
NDUBOVIK,PROFILE:t.11:ZDS_CONSUMER
NDUBOVIK,PROFILE:t.11:ZDS_CONSUMER_SAP_Scope
NDUBOVIK,PROFILE:t.11:ZDS_DEVELOPER
NDUBOVIK,PROFILE:t.11:ZDS_DEVELOPER_SAP_Scope
NDUBOVIK,PROFILE:t.11:ZDS_USERMANAGER
NDUBOVIK,PROFILE:t.11:ZDS_USERMANAGER_SAP_Scope
NDUBOVIK,PROFILE:t.11:ZDS_ADMIN_TEST
OKLYSHKO,PROFILE:sap.odc:Data_Catalog_User
OKLYSHKO,PROFILE:sap.dwc:Data_Warehouse_Cloud_Consumer
OKLYSHKO,PROFILE:sap.dwc:Data_Warehouse_Cloud_Integrator
OKLYSHKO,PROFILE:sap.dwc:Data_Warehouse_Cloud_Modeler
OKLYSHKO,PROFILE:sap.dwc:Data_Warehouse_Cloud_Viewer
OKLYSHKO,PROFILE:sap.dwc:Data_Warehouse_Cloud_Space_Administrator
OKLYSHKO,PROFILE:sap.dwc:Scoped_Data_Warehouse_Cloud_Consumer
OKLYSHKO,PROFILE:sap.dwc:Scoped_Data_Warehouse_Cloud_Viewer
OKLYSHKO,PROFILE:sap.dwc:Scoped_Data_Warehouse_Cloud_Integrator
OKLYSHKO,PROFILE:sap.dwc:Scoped_Data_Warehouse_Cloud_Modeler
OKLYSHKO,PROFILE:sap.dwc:Scoped_Data_Warehouse_Cloud_Space_Administrator
PBELSKI,PROFILE:sap.dwc:Data_Warehouse_Cloud_Administrator
PBELSKI,PROFILE:sap.dwc:Data_Warehouse_Cloud_Consumer
PBELSKI,PROFILE:sap.dwc:Data_Warehouse_Cloud_Integrator
PBELSKI,PROFILE:sap.dwc:Data_Warehouse_Cloud_Modeler
PBELSKI,PROFILE:sap.dwc:Data_Warehouse_Cloud_Space_Administrator
PBELSKI,PROFILE:sap.dwc:Data_Warehouse_Cloud_Viewer
PBELSKI,PROFILE:sap.dwc:Scoped_Data_Warehouse_Cloud_Consumer
PBELSKI,PROFILE:sap.dwc:Scoped_Data_Warehouse_Cloud_Viewer
PBELSKI,PROFILE:sap.dwc:Scoped_Data_Warehouse_Cloud_Integrator
PBELSKI,PROFILE:sap.dwc:Scoped_Data_Warehouse_Cloud_Modeler
PBELSKI,PROFILE:sap.dwc:Scoped_Data_Warehouse_Cloud_Space_Administrator
RSLOFSTRA,PROFILE:sap.dwc:Data_Warehouse_Cloud_Consumer
RSLOFSTRA,PROFILE:sap.dwc:Data_Warehouse_Cloud_Integrator
RSLOFSTRA,PROFILE:sap.dwc:Data_Warehouse_Cloud_Modeler
RSLOFSTRA,PROFILE:sap.dwc:Data_Warehouse_Cloud_Viewer
RSLOFSTRA,PROFILE:sap.dwc:Data_Warehouse_Cloud_Space_Administrator
RSLOFSTRA,PROFILE:sap.dwc:Scoped_Data_Warehouse_Cloud_Consumer
RSLOFSTRA,PROFILE:sap.dwc:Scoped_Data_Warehouse_Cloud_Viewer
RSLOFSTRA,PROFILE:sap.dwc:Scoped_Data_Warehouse_Cloud_Integrator
RSLOFSTRA,PROFILE:sap.dwc:Scoped_Data_Warehouse_Cloud_Modeler
RSLOFSTRA,PROFILE:sap.dwc:Scoped_Data_Warehouse_Cloud_Space_Administrator
SAP_SUPPORTA28841843,PROFILE:sap.dwc:Data_Warehouse_Cloud_Administrator
SRASSADZIN,PROFILE:sap.dwc:Data_Warehouse_Cloud_Administrator
SRASSADZIN,PROFILE:sap.dwc:Data_Warehouse_Cloud_Integrator
SRASSADZIN,PROFILE:sap.dwc:Data_Warehouse_Cloud_Modeler
SRASSADZIN,PROFILE:sap.dwc:Data_Warehouse_Cloud_Space_Administrator
SRASSADZIN,PROFILE:sap.dwc:Data_Warehouse_Cloud_Viewer
SRASSADZIN,PROFILE:sap.dwc:Scoped_Data_Warehouse_Cloud_Viewer
SRASSADZIN,PROFILE:sap.dwc:Scoped_Data_Warehouse_Cloud_Integrator
SRASSADZIN,PROFILE:sap.dwc:Scoped_Data_Warehouse_Cloud_Modeler
SRASSADZIN,PROFILE:sap.dwc:Scoped_Data_Warehouse_Cloud_Space_Administrator
SRASSADZIN,PROFILE:sap.odc:Data_Catalog_Administrator
SRASSADZIN,PROFILE:sap.odc:Data_Catalog_User
SRASSADZIN,PROFILE:sap.dwc:Data_Warehouse_Cloud_Consumer
SRASSADZIN,PROFILE:sap.dwc:Scoped_Data_Warehouse_Cloud_Consumer
SRASSADZIN,PROFILE:sap.epm:Security_Administrator
SRASSADZIN,PROFILE:t.11:ZDS_CONSUMER
SRASSADZIN,PROFILE:t.11:ZDS_CONSUMER_SAP_Scope
SRASSADZIN,PROFILE:t.11:ZDS_DEVELOPER
SRASSADZIN,PROFILE:t.11:ZDS_DEVELOPER_SAP_Scope
SRASSADZIN,PROFILE:t.11:ZDS_USERMANAGER
SRASSADZIN,PROFILE:t.11:ZDS_USERMANAGER_SAP_Scope
SSHYDLOUSKI,PROFILE:sap.dwc:Data_Warehouse_Cloud_Administrator
SSHYDLOUSKI,PROFILE:sap.dwc:Data_Warehouse_Cloud_Integrator
SSHYDLOUSKI,PROFILE:sap.dwc:Data_Warehouse_Cloud_Modeler
SSHYDLOUSKI,PROFILE:sap.dwc:Data_Warehouse_Cloud_Space_Administrator
SSHYDLOUSKI,PROFILE:sap.dwc:Data_Warehouse_Cloud_Viewer
SSHYDLOUSKI,PROFILE:sap.dwc:Scoped_Data_Warehouse_Cloud_Viewer
SSHYDLOUSKI,PROFILE:sap.dwc:Scoped_Data_Warehouse_Cloud_Integrator
SSHYDLOUSKI,PROFILE:sap.dwc:Scoped_Data_Warehouse_Cloud_Modeler
SSHYDLOUSKI,PROFILE:sap.dwc:Scoped_Data_Warehouse_Cloud_Space_Administrator
SSHYRCHANKA,PROFILE:sap.odc:Data_Catalog_User
SSHYRCHANKA,PROFILE:sap.dwc:Data_Warehouse_Cloud_Consumer
SSHYRCHANKA,PROFILE:sap.dwc:Data_Warehouse_Cloud_Integrator
SSHYRCHANKA,PROFILE:sap.dwc:Data_Warehouse_Cloud_Modeler
SSHYRCHANKA,PROFILE:sap.dwc:Data_Warehouse_Cloud_Viewer
SSHYRCHANKA,PROFILE:sap.dwc:Data_Warehouse_Cloud_Space_Administrator
SSHYRCHANKA,PROFILE:sap.dwc:Scoped_Data_Warehouse_Cloud_Consumer
SSHYRCHANKA,PROFILE:sap.dwc:Scoped_Data_Warehouse_Cloud_Viewer
SSHYRCHANKA,PROFILE:sap.dwc:Scoped_Data_Warehouse_Cloud_Integrator
SSHYRCHANKA,PROFILE:sap.dwc:Scoped_Data_Warehouse_Cloud_Modeler
SSHYRCHANKA,PROFILE:sap.dwc:Scoped_Data_Warehouse_Cloud_Space_Administrator
SSHYRCHANKA,PROFILE:t.11:ZDS_DEVELOPER_SAP_Scope
SSHYRCHANKA,PROFILE:t.11:ZDS_CONSUMER_SAP_Scope
SSHYRCHANKA,PROFILE:t.11:ZDS_USERMANAGER_SAP_Scope
TDABRAVOLSKAYA,PROFILE:sap.dwc:Data_Warehouse_Cloud_Administrator
TDABRAVOLSKAYA,PROFILE:sap.dwc:Data_Warehouse_Cloud_Integrator
TDABRAVOLSKAYA,PROFILE:sap.dwc:Data_Warehouse_Cloud_Modeler
TDABRAVOLSKAYA,PROFILE:sap.dwc:Data_Warehouse_Cloud_Space_Administrator
TDABRAVOLSKAYA,PROFILE:sap.dwc:Data_Warehouse_Cloud_Viewer
TDABRAVOLSKAYA,PROFILE:sap.dwc:Scoped_Data_Warehouse_Cloud_Viewer
TDABRAVOLSKAYA,PROFILE:sap.dwc:Scoped_Data_Warehouse_Cloud_Integrator
TDABRAVOLSKAYA,PROFILE:sap.dwc:Scoped_Data_Warehouse_Cloud_Modeler
TDABRAVOLSKAYA,PROFILE:sap.dwc:Scoped_Data_Warehouse_Cloud_Space_Administrator
TPITSKO,PROFILE:sap.dwc:Data_Warehouse_Cloud_Viewer
TPITSKO,PROFILE:sap.odc:Data_Catalog_Administrator
TPITSKO,PROFILE:sap.odc:Data_Catalog_User
TPITSKO,PROFILE:sap.dwc:Data_Warehouse_Cloud_Consumer
TPITSKO,PROFILE:sap.dwc:Data_Warehouse_Cloud_Integrator
TPITSKO,PROFILE:sap.dwc:Data_Warehouse_Cloud_Modeler
TPITSKO,PROFILE:sap.dwc:Data_Warehouse_Cloud_Space_Administrator
TPITSKO,PROFILE:sap.epm:Security_Administrator
TPITSKO,PROFILE:sap.dwc:Data_Warehouse_Cloud_Administrator
TPITSKO,PROFILE:t.11:ZDS_DEVELOPER
TPITSKO,PROFILE:sap.dwc:Scoped_Data_Warehouse_Cloud_Consumer
TPITSKO,PROFILE:sap.dwc:Scoped_Data_Warehouse_Cloud_Viewer
TPITSKO,PROFILE:sap.dwc:Scoped_Data_Warehouse_Cloud_Integrator
TPITSKO,PROFILE:sap.dwc:Scoped_Data_Warehouse_Cloud_Modeler
TPITSKO,PROFILE:sap.dwc:Scoped_Data_Warehouse_Cloud_Space_Administrator
TPITSKO,PROFILE:t.11:ZDS_DEVELOPER_SAP_Scope
TPITSKO_TEST,PROFILE:t.11:ZDS_ADMIN_Scope
TPITSKO_TEST,PROFILE:t.11:G_ADM
TVORSA,PROFILE:sap.odc:Data_Catalog_Administrator
TVORSA,PROFILE:sap.odc:Data_Catalog_User
TVORSA,PROFILE:sap.dwc:Data_Warehouse_Cloud_Administrator
TVORSA,PROFILE:sap.dwc:Data_Warehouse_Cloud_Consumer
TVORSA,PROFILE:sap.dwc:Data_Warehouse_Cloud_Integrator
TVORSA,PROFILE:sap.dwc:Data_Warehouse_Cloud_Modeler
TVORSA,PROFILE:sap.dwc:Scoped_Data_Warehouse_Cloud_Consumer
TVORSA,PROFILE:sap.dwc:Scoped_Data_Warehouse_Cloud_Integrator
TVORSA,PROFILE:sap.dwc:Scoped_Data_Warehouse_Cloud_Modeler
TVORSA,PROFILE:sap.dwc:Scoped_Data_Warehouse_Cloud_Space_Administrator
TVORSA,PROFILE:sap.dwc:Scoped_Data_Warehouse_Cloud_Viewer
TVORSA,PROFILE:sap.dwc:Data_Warehouse_Cloud_Space_Administrator
TVORSA,PROFILE:sap.dwc:Data_Warehouse_Cloud_Viewer
TVORSA,PROFILE:sap.epm:Security_Administrator
TVORSA,PROFILE:t.11:ZDS_DEVELOPER
TVORSA,PROFILE:t.11:ZDS_CONSUMER_SAP_Scope
TVORSA,PROFILE:t.11:ZDS_CONSUMER
TVORSA,PROFILE:t.11:ZDS_DEVELOPER_SAP_Scope
TVORSA,PROFILE:t.11:ZDS_USERMANAGER
TVORSA,PROFILE:t.11:ZDS_USERMANAGER_SAP_Scope
VCOHEN,PROFILE:sap.dwc:Data_Warehouse_Cloud_Consumer
VCOHEN,PROFILE:sap.dwc:Data_Warehouse_Cloud_Integrator
VCOHEN,PROFILE:sap.dwc:Data_Warehouse_Cloud_Modeler
VCOHEN,PROFILE:sap.dwc:Data_Warehouse_Cloud_Viewer
VCOHEN,PROFILE:sap.dwc:Data_Warehouse_Cloud_Space_Administrator
VCOHEN,PROFILE:sap.dwc:Scoped_Data_Warehouse_Cloud_Consumer
VCOHEN,PROFILE:sap.dwc:Scoped_Data_Warehouse_Cloud_Viewer
VCOHEN,PROFILE:sap.dwc:Scoped_Data_Warehouse_Cloud_Integrator
VCOHEN,PROFILE:sap.dwc:Scoped_Data_Warehouse_Cloud_Modeler
VCOHEN,PROFILE:sap.dwc:Scoped_Data_Warehouse_Cloud_Space_Administrator
VDZIAUHO,PROFILE:sap.dwc:Data_Warehouse_Cloud_Integrator
VDZIAUHO,PROFILE:sap.dwc:Data_Warehouse_Cloud_Modeler
VDZIAUHO,PROFILE:sap.dwc:Data_Warehouse_Cloud_Viewer
VDZIAUHO,PROFILE:sap.dwc:Data_Warehouse_Cloud_Consumer
VDZIAUHO,PROFILE:sap.dwc:Data_Warehouse_Cloud_Space_Administrator
VDZIAUHO,PROFILE:sap.dwc:Scoped_Data_Warehouse_Cloud_Consumer
VDZIAUHO,PROFILE:sap.dwc:Scoped_Data_Warehouse_Cloud_Viewer
VDZIAUHO,PROFILE:sap.dwc:Scoped_Data_Warehouse_Cloud_Integrator
VDZIAUHO,PROFILE:sap.dwc:Scoped_Data_Warehouse_Cloud_Modeler
VDZIAUHO,PROFILE:sap.dwc:Scoped_Data_Warehouse_Cloud_Space_Administrator
VLITVINCHUK,PROFILE:sap.odc:Data_Catalog_Administrator
VLITVINCHUK,PROFILE:sap.odc:Data_Catalog_User
VLITVINCHUK,PROFILE:sap.dwc:Data_Warehouse_Cloud_Administrator
VLITVINCHUK,PROFILE:sap.dwc:Data_Warehouse_Cloud_Consumer
VLITVINCHUK,PROFILE:sap.dwc:Data_Warehouse_Cloud_Integrator
VLITVINCHUK,PROFILE:sap.dwc:Data_Warehouse_Cloud_Modeler
VLITVINCHUK,PROFILE:sap.dwc:Scoped_Data_Warehouse_Cloud_Consumer
VLITVINCHUK,PROFILE:sap.dwc:Scoped_Data_Warehouse_Cloud_Integrator
VLITVINCHUK,PROFILE:sap.dwc:Scoped_Data_Warehouse_Cloud_Modeler
VLITVINCHUK,PROFILE:sap.dwc:Scoped_Data_Warehouse_Cloud_Space_Administrator
VLITVINCHUK,PROFILE:sap.dwc:Scoped_Data_Warehouse_Cloud_Viewer
VLITVINCHUK,PROFILE:sap.dwc:Data_Warehouse_Cloud_Space_Administrator
VLITVINCHUK,PROFILE:sap.dwc:Data_Warehouse_Cloud_Viewer
VLITVINCHUK,PROFILE:sap.epm:Security_Administrator
VLITVINCHUK,PROFILE:t.11:ZDS_CONSUMER
VLITVINCHUK,PROFILE:t.11:ZDS_CONSUMER_SAP_Scope
VLITVINCHUK,PROFILE:t.11:ZDS_DEVELOPER
VLITVINCHUK,PROFILE:t.11:ZDS_DEVELOPER_SAP_Scope
VLITVINCHUK,PROFILE:t.11:ZDS_USERMANAGER
VLITVINCHUK,PROFILE:t.11:ZDS_USERMANAGER_SAP_Scope
VRASPUTIN,PROFILE:sap.odc:Data_Catalog_Administrator
VRASPUTIN,PROFILE:sap.dwc:Data_Warehouse_Cloud_Administrator
VRASPUTIN,PROFILE:sap.dwc:Data_Warehouse_Cloud_Consumer
VRASPUTIN,PROFILE:sap.dwc:Data_Warehouse_Cloud_Integrator
VRASPUTIN,PROFILE:sap.dwc:Data_Warehouse_Cloud_Modeler
VRASPUTIN,PROFILE:sap.dwc:Scoped_Data_Warehouse_Cloud_Consumer
VRASPUTIN,PROFILE:sap.dwc:Scoped_Data_Warehouse_Cloud_Integrator
VRASPUTIN,PROFILE:sap.dwc:Scoped_Data_Warehouse_Cloud_Modeler
VRASPUTIN,PROFILE:sap.dwc:Scoped_Data_Warehouse_Cloud_Space_Administrator
VRASPUTIN,PROFILE:sap.dwc:Scoped_Data_Warehouse_Cloud_Viewer
VRASPUTIN,PROFILE:sap.dwc:Data_Warehouse_Cloud_Space_Administrator
VRASPUTIN,PROFILE:sap.dwc:Data_Warehouse_Cloud_Viewer
VRASPUTIN,PROFILE:sap.epm:Security_Administrator
VRASPUTIN,PROFILE:t.11:ZDS_USERMANAGER
VRASPUTIN,PROFILE:t.11:ZDS_DEVELOPER_SAP_Scope
VRASPUTIN,PROFILE:t.11:ZDS_DEVELOPER
VRASPUTIN,PROFILE:t.11:ZDS_CONSUMER_SAP_Scope
VRASPUTIN,PROFILE:t.11:ZDS_CONSUMER
VRASPUTIN,PROFILE:t.11:ZDS_USERMANAGER_SAP_Scope
VRASPUTIN,PROFILE:sap.odc:Data_Catalog_User
VSALASHENKA,PROFILE:sap.dwc:Data_Warehouse_Cloud_Integrator
VSALASHENKA,PROFILE:sap.dwc:Data_Warehouse_Cloud_Modeler
VSALASHENKA,PROFILE:sap.dwc:Data_Warehouse_Cloud_Viewer
VSALASHENKA,PROFILE:sap.dwc:Data_Warehouse_Cloud_Administrator
VSALASHENKA,PROFILE:sap.dwc:Data_Warehouse_Cloud_Consumer
VSALASHENKA,PROFILE:sap.dwc:Data_Warehouse_Cloud_Space_Administrator
VSALASHENKA,PROFILE:sap.dwc:Scoped_Data_Warehouse_Cloud_Consumer
VSALASHENKA,PROFILE:sap.dwc:Scoped_Data_Warehouse_Cloud_Viewer
VSALASHENKA,PROFILE:sap.dwc:Scoped_Data_Warehouse_Cloud_Integrator
VSALASHENKA,PROFILE:sap.dwc:Scoped_Data_Warehouse_Cloud_Modeler
VSALASHENKA,PROFILE:sap.dwc:Scoped_Data_Warehouse_Cloud_Space_Administrator
VSANIKOVICH,PROFILE:sap.odc:Data_Catalog_Administrator
VSANIKOVICH,PROFILE:sap.odc:Data_Catalog_User
VSANIKOVICH,PROFILE:sap.dwc:Data_Warehouse_Cloud_Administrator
VSANIKOVICH,PROFILE:sap.dwc:Data_Warehouse_Cloud_Consumer
VSANIKOVICH,PROFILE:sap.dwc:Data_Warehouse_Cloud_Integrator
VSANIKOVICH,PROFILE:sap.dwc:Data_Warehouse_Cloud_Modeler
VSANIKOVICH,PROFILE:sap.dwc:Data_Warehouse_Cloud_Space_Administrator
VSANIKOVICH,PROFILE:sap.dwc:Data_Warehouse_Cloud_Viewer
VSANIKOVICH,PROFILE:sap.epm:Security_Administrator
VSANIKOVICH,PROFILE:sap.dwc:Scoped_Data_Warehouse_Cloud_Consumer
VSANIKOVICH,PROFILE:sap.dwc:Scoped_Data_Warehouse_Cloud_Viewer
VSANIKOVICH,PROFILE:sap.dwc:Scoped_Data_Warehouse_Cloud_Integrator
VSANIKOVICH,PROFILE:sap.dwc:Scoped_Data_Warehouse_Cloud_Modeler
VSANIKOVICH,PROFILE:sap.dwc:Scoped_Data_Warehouse_Cloud_Space_Administrator
YMINICH,PROFILE:sap.odc:Data_Catalog_User
YMINICH,PROFILE:sap.dwc:Data_Warehouse_Cloud_Consumer
YMINICH,PROFILE:sap.dwc:Data_Warehouse_Cloud_Integrator
YMINICH,PROFILE:sap.dwc:Data_Warehouse_Cloud_Modeler
YMINICH,PROFILE:sap.dwc:Data_Warehouse_Cloud_Viewer
YMINICH,PROFILE:sap.dwc:Data_Warehouse_Cloud_Space_Administrator
YMINICH,PROFILE:sap.dwc:Scoped_Data_Warehouse_Cloud_Consumer
YMINICH,PROFILE:sap.dwc:Scoped_Data_Warehouse_Cloud_Viewer
YMINICH,PROFILE:sap.dwc:Scoped_Data_Warehouse_Cloud_Integrator
YMINICH,PROFILE:sap.dwc:Scoped_Data_Warehouse_Cloud_Modeler
YMINICH,PROFILE:sap.dwc:Scoped_Data_Warehouse_Cloud_Space_Administrator
